State,City,Service Name,URL
Alabama,Birmingham,Mountain Brook Public Works,https://www.mtnbrook.org/publicworks/page/compost
Alaska,Anchorage,Alaska Waste Commercial Composting Program,https://www.alaskawaste.net/
Alaska,Anchorage,Green Earth Landworks,http://www.greenearthalaska.com/
Alaska,Anchorage,Community Compost,https://www.muni.org/Departments/SWS/Recycling/Pages/CommunityCompost.aspx
Alaska,Juneau,Juneau Composts,https://juneaucomposts.com/
Alaska,Kodiak,Kodiak Composting,https://www.city.kodiak.ak.us/publicworks/page/future-biosolids-composting-facility-information
Arizona,Flagstaff,Corbin Composting,https://www.corbincompost.com/
Arizona,Phoenix,Recycled City,https://www.recycledcity.com/
Arizona,Phoenix,We Care Compost,http://www.wecarecompost.com/wecare-products/locations/phoenix-az/
Arizona,Tempe,Tempe's Compost Yard,https://www.tempe.gov/government/municipal-utilities/solid-waste-and-recycling/curbside-green-organics-program
Arizona,Tucson,FoodCycle,https://www.tucsonaz.gov/Departments/Environmental-Services/FoodCycle-At-Home
Arizona,Tucson,Desert Compostables,https://www.desertcompostables.com/
Arkansas,Bentonville,Bentonville Compost Facility,http://www.bentonvillear.com/170/Compost-Facility
Arkansas,Fayetteville,City Compost Program,https://www.fayetteville-ar.gov/3421/Composting-and-Mulch
Arkansas,Hot Springs,Hot Springs Compost Facility,https://www.cityhs.net/240/Compost
California,Alameda,Alameda County Sustainability,https://www.acgov.org/sustain/what/recycling/public.htm
California,Berkeley,City of Berkeley Public Works,https://www.cityofberkeley.info/ContentDisplay.aspx?id=5606
California,Lake Tahoe,Slow Food,https://www.slowfoodlaketahoe.org/compost
California,Long Beach,Long Beach Community Compost,https://lbcommunitycompost.org/
California,Los Angeles,LA Compost,https://www.lacompost.org/
California,Los Angeles,Compostable LA,https://www.compostablela.com/
California,Mariposa,Recology Mariposa,https://www.recology.com/recology-mariposa/
California,Mckinleyville,Local Worm Guy,https://www.localwormguy.com/
California,Oakland,Oakland Recycles,https://www.oaklandrecycles.com/?_ga=2.119521610.2122411979.1596041752-1263282208.1596041752
California,Oakland,Common Compost,http://www.commoncompost.org/
California,San Diego,Inika,https://www.inika.org/
California,San Diego,Food2Soil Compost Collective,https://www.facebook.com/food2soil/
California,San Francisco,Recology San Francisco,https://www.recology.com/recology-san-francisco/your-three-carts/
California,San Francisco,SF Environment,https://sfenvironment.org/es/zero-waste/recycling-and-composting
California,San Mateo,Recology San Mateo County,https://www.recology.com/recology-san-mateo-county/
California,Santa Clara County,Recology South Bay,https://www.recology.com/recology-south-bay/santa-clara-county-residential/
California,Santa Monica,Santa Monica Public Works,https://www.smgov.net/Departments/PublicWorks/ContentRecycling.aspx?id=16222
Colorado,Aurora,Wompost,https://www.wompostcoop.com/
Colorado,Boulder,University of Colorado Environmental Center,https://www.colorado.edu/ecenter/zero-waste/compost
Colorado,Boulder,Western Disposal,https://www.westerndisposal.com/commercial/
Colorado,Castle Rock,Castle Rock Composting,https://www.castlerockcomposting.com/
Colorado,Centennial,Lone Tree Composting,https://lonetreecomposting.com/
Colorado,Colorado Springs,Soil Cycle,http://www.coloradospringsfoodrescue.org/soilcycle
Colorado,Colorado Springs,Brown's Greens,https://brownsgreens.net/
Colorado,Denver,Denver Composts,https://www.denvergov.org/content/denvergov/en/trash-and-recycling/composting/compost-collection-program.html
Colorado,Denver,Scraps Mile High,https://scrapsmilehigh.com/
Colorado,Denver,Cherry Creek Recycling,https://www.denvergov.org/Government/Agencies-Departments-Offices/Agencies-Departments-Offices-Directory/Recycle-Compost-Trash/Compost
Colorado,Denver,Denver Compost Collective,https://denvercompostcollective.com/
Colorado,Denver,Compost Colorado,https://www.compost-colorado.com/
Colorado,North Denver,Clementine Curbside,https://www.clementinecurbside.com/
Colorado,Durango,Table to Farm Compost,https://member.compost-colorado.com/pages/sign-up
Colorado,Fort Collins,Common Good Compost,https://www.commongoodcompost.org/
Colorado,Golden,Alpine Waste and Recycling,https://www.cityofgolden.net/live/sustainability-initiative/waste-reduction/
Colorado,Jefferson County,Rocky Mountain Composting,
Connecticut,Danbury,Curbside Compost,https://www.curbcompost.org/
Connecticut,Fairfield,Action Waste Solutions,https://www.actionwastesolutions.com/compost
Connecticut,Farmington,We Care New England,https://www.wecarene.com/
Connecticut,Hartford,Blue Earth Compost,https://www.blueearthcompost.com/
Connecticut,New Haven,Peels & Wheels,https://www.pwcomposting.com/
District of Columbia,Washington,Compost Crew,https://compostcrew.com/
District of Columbia,Washington,Compost Cab,https://compostcab.com/
District of Columbia,Washington,Loop Closing,https://www.loopclosing.com/
District of Columbia,Washington,MOM's Organic Market,https://momsorganicmarket.com/recycle-center/
District of Columbia,Washington,Key City Compost,https://keycompost.com/
Delaware,Frankford,Blue Hen Organics,http://www.bluehenorganics.com/
Delaware,Hockessin,Evergreen Waste Services,https://evergreenws.com/recycling/
Delaware,Wilmington,WasteWell,https://mywastewell.com/
Florida,Gainesville,Beaten Path Compost,https://www.beatenpathcompost.com/
Florida,Jacksonville,Apple Rabbit,http://applerabbit.org/
Florida,Orlando,O-Town Compost,https://o-towncompost.com/
Florida,Miami,Back2Earth,https://www.back2earth.org/
Florida,Miami,Verde Market,https://www.verdemarketonline.com/compost
Florida,Naples,Naples Compost,https://naplescompost.com/
Florida,St. Petersburg,Suncoast Compost,https://www.suncoastcompost.com/
Florida,St. Petersburg,St. Petersburg Composting,https://www.stpete.org/sanitation/composting.php
Florida,Tampa,Suncoast Compost,https://www.suncoastcompost.com/
Georgia,Athens,Awesome Possum,https://www.awesomepossumcomposting.com/
Georgia,Athens,Athens-Clarke County Landfill,https://www.accgov.com/9508/Compost-Drop-Off-Program
Georgia,Athens,Compostia,https://www.compostia.com/
Georgia,Atlanta,CompostNow,https://compostnow.org/
Georgia,Atlanta,Terra Nova Compost,https://terranovacompost.com/about/
Georgia,Savannah,Cor Compost,https://www.corcompost.com/
Georgia,Suwanee,Harvest Farm,https://www.harvestfarmsuwanee.com/
State,City,Service Name,URL
Hawaii,Kaua'i County,County Composting,https://www.kauai.gov/Composting
Hawaii,North Shore,North Shore Community Compost Movement,
Idaho,Boise,Curb It,https://www.cityofboise.org/departments/public-works/curb-it/compost/
Idaho,Hailey,Winn's Compost,https://winnscompost.com/
Idaho,Lewiston,Clearwater Composting,https://www.clearwatercomposting.org/
Illinois,Chicago,Whole Earth Compost,https://www.wecompostllc.com/
Illinois,Chicago,Collective Resource,https://www.collectiveresource.us/
Illinois,Chicago,Oak Park Compost Program,https://www.oak-park.us/village-services/refuse-recycling/compostable-program
Illinois,Chicago,The Urban Canopy,http://www.theurbancanopy.org/home
Illinois,Chicago,WasteNot Compost,https://www.wastenotcompost.com/
Illinois,Kane County,Kane County Recycles,https://www.countyofkane.org/Recycling/Pages/foodScrap.aspx
Illinois,Wheaton,Wheaton Organics Collection,https://www.wheaton.il.us/383/Yard-Waste-Food-Scraps-Organics
Indiana,Fort Wayne,Dirt Wain,https://www.dirtwain.com/
Indiana,Indianapolis,Earth Mama,http://earthmamacompost.com/
Indiana,Indianapolis,Green with Indy,http://www.greenwithindy.com/
Iowa,Davenport,Davenport Compost Facility,https://cityofdavenportiowa.com/services/public_works/compost_facility
Iowa,Iowa City,Iowa City Public Works,https://www.icgov.org/foodwaste
Iowa,Johnson County,The Compost Ninja,https://www.thecompostninja.com/
Kansas,Kansas City,KC Can Compost,https://kccancompost.com/
Kansas,Kansas City,Compost Collective KC,https://www.compostcollectivekc.com/
Kansas,Kansas City,Food Cycle KC,https://foodcyclekc.com/
Kansas,Kansas City,Urbavore,http://www.urbavorefarm.com/compost/
Kansas,Wichita,Nudge Compost,https://www.nudgecompost.com/
Kentucky,Covington,Queen City Commons,https://www.queencitycommons.com/
Kentucky,Lexington,Seedleaf,https://www.seedleaf.org/
Kentucky,Western Kentucky,Treehouse Compost,https://www.treehousecompost.com/
Louisiana,New Orleans,The Composting Network,https://compostingnetwork.com/
Louisiana,New Orleans,Compost NOW,https://www.facebook.com/CompostNewOrleansWaste/
Louisiana,New Orleans,Schmelly's Dirt Farm,https://www.schmellys.com/
Maine,Auburn,We Compost It!,http://www.wecompostit.com/
Maine,Brunswick,Garbage to Garden,https://garbagetogarden.org/
Maine,Ellsworth/Surry,Chickadee Compost,https://www.chickadeecompost.com/
Maine,Kennebunk,We Compost It!,http://www.wecompostit.com/
Maine,Portland,Garbage to Garden,https://garbagetogarden.org/
Maine,Rockport,ScrapDogs Community Compost,https://www.scrapdogscompost.com/
Maryland,Aberdeen,Veteran Compost,https://vcresidential.com/
Maryland,Annapolis,Annapolis Compost,http://www.annapoliscompost.com/
Maryland,Baltimore,Compost Cab,https://compostcab.com/
Maryland,Baltimore,Compost Crew,https://compostcrew.com/
Maryland,College Park,Compost Crew,https://compostcrew.com/
Maryland,Columbia,Key City Compost,https://keycompost.com/
Massachusetts,Berkshire County,Second Chance Composting,https://secondchancecomposting.square.site/
Massachusetts,Berkshire County,Tommy's Compost Service,https://www.tommyscompost.com/
Massachusetts,Boston Area,Black Earth Compost,https://blackearthcompost.com/
Massachusetts,Boston Area,CERO Cooperative,https://www.cero.coop/
Massachusetts,Boston Area,Garbage to Garden,https://garbagetogarden.org/
Massachusetts,Boston Area,Bootstrap Compost,https://bootstrapcompost.com/
Massachusetts,Boston Area,Project Oscar,https://www.boston.gov/environment-and-energy/project-oscar
Massachusetts,Cambridge,Cambridge Curbside Composting,https://www.cambridgema.gov/Services/curbsidecomposting
Massachusetts,Cape Cod & South Shore,Black Earth Compost,https://blackearthcompost.com/
Massachusetts,Gardner,City Compost,https://www.citycompost.com/commercial
Massachusetts,Ipswich,Curbside Composting,https://www.ipswichma.gov/273/Composting
Massachusetts,Northampton,Pedal People,https://www.pedalpeople.coop/index.php?page=2
Massachusetts,Northampton,Valley Recycling,https://www.valley-recycling.us/residential
Massachusetts,North Shore,Black Earth Compost,https://blackearthcompost.com/
Michigan,Ann Arbor,City Composting,https://www.a2gov.org/departments/trash-recycling/Pages/Compost.aspx
Michigan,Detroit,Midtown Composting,https://midtowncomposting.com/product/weekly-residential-compost-collection-monthly/
Michigan,Detroit,My Green Michigan,https://www.mygreenmi.com/
Michigan,Grand Rapids,New Soil,https://www.new-soil.com/about-us/
Michigan,Grand Rapids,Organicycle,https://www.organicycle.org/
Michigan,Grand Rapids,My Green Michigan,https://www.mygreenmi.com/
Michigan,Grand Rapids,Wormies,http://www.thewormies.com/
Michigan,Traverse City,Carter's Compost,https://carterscompost.com/
Minnesota,Duluth,WLS Sanitary District,https://wlssd.com/services/food-waste/drop-off-instructions/
Minnesota,Hayfield,Front Door to Farm,https://www.frontdoortofarm.com/
Minnesota,Minneapolis,City of Minneapolis Organics,http://www2.minneapolismn.gov/solid-waste/organics/index.htm
Minnesota,St. Paul,MGCC Organics Drop-Off,https://macgrove.org/what-we-do/organics/
Mississippi,Jackson County,Jackson County Recycling Partnership,https://jcrecycle.org/compost-green-debris/composting/
Mississippi,Meridian,Pine Ridge Composting,https://wastebits.com/locator/location/pine-ridge-compost-facility
Missouri,Kansas City,KC Can Compost,https://kccancompost.com/
Missouri,Kansas City,Missouri Organic Recycling,https://www.missouriorganic.com/
Missouri,Springfield,Springfield Compost Collective,https://www.springfieldcompostcollective.org/
Missouri,St. Louis,New Earth Farm,https://compoststl.com/
Missouri,St. Louis,Perennial City Composting,https://compost.perennial.city/
Missouri,St. Louis,St. Louis Composting,https://www.stlcompost.com/
Montana,Billings,Agri Organics,https://www.agriorganics.org/
Montana,Bozeman,Happy Trash Can,https://www.happytrashcan.net/
Montana,Bozeman,YES Compost,https://www.yescompost.com/services
Montana,Columbia Falls,Dirt Rich Composting,https://www.dirtrichcompost.com/
Montana,Helena,406 Compost,https://406compost.com/
Montana,Missoula,Missoula Compost Collection,https://www.missoulacompostcollectionllc.com/
Montana,Missoula,Soil Cycle,https://www.soilcyclemissoula.com/
Nebraska,Lincoln,Waste to Energy,https://www.uriberefuse.com/waste-to-energy-lincoln/
Nebraska,Omaha,Exist Green,https://existgreen.com/
Nebraska,Omaha,Hillside Solutions,https://www.hillside.solutions/
Nevada,Las Vegas,Las Vegas Worms,http://lasvegasworms.com/
Nevada,Las Vegas,Viva La Compost,https://www.vivalacompost.com/
Nevada,Reno,Down to Earth Composting,https://www.downtoearthcomposting.com/
New Hampshire,Concord,City Compost,https://www.citycompost.com/
New Hampshire,Keene,Elm City Compost,https://www.elmcitycompost.com/
New Hampshire,Lebanon,We Recycle Food,https://werecyclefood.com/
New Hampshire,Manchester,Renewal Compost,https://renewalcompost.com/
New Hampshire,Manchester,City Compost,https://www.citycompost.com/
New Hampshire,Nashua,Grow Nashua,https://www.grownashua.org/composting
New Hampshire,Nashua,Black Earth Composting,https://blackearthcompost.com/
New Hampshire,Seacoast Region,Mr. Fox Composting,https://mrfoxcomposting.com/
New Hampshire,Seacoast Region,Portsmouth Food Waste Composting,https://www.cityofportsmouth.com/publicworks/solid-waste-recycling/food-waste-composting
New Hampshire,Southern NH,Black Earth Compost,https://blackearthcompost.com/
New Jersey,Asbury Park,Un-Waste,https://www.unwastemovement.world/
New Jersey,Central Jersey,Torus,https://www.torusai.org/
New Jersey,Hoboken,Community Compost Company,https://www.communitycompostco.com/
New Jersey,Jersey City,Community Compost Company,https://www.communitycompostco.com/
New Jersey,Lambertville,The Compost Man,http://www.thecompostman.com/composting.html
New Jersey,Ocean Grove,Un-Waste,https://www.unwastemovement.world/
New Jersey,South Orange,Java's Compost,https://www.javascompost.com/
New Mexico,Albuquerque,Little Green Bucket,https://littlegreenbucket.com/
New Mexico,Albuquerque,Soilutions,https://www.soilutions.net/
New Mexico,Los Ranchos,Rio Grande Community Farm,http://riograndefarm.org/
New Mexico,Santa Fe,Reunity Resources,https://www.reunityresources.com/doorstep.html
New York,Albany,Natural Upcycling,https://www.naturalupcycling.com/
New York,Albany,Radix Center,https://radixcenter.org/get-involved/231-2/
New York,Bloomingdale,Blue Line Compost,https://bluelinecompost.com/
New York,Brooklyn,Vokashi,https://vokashi.com/
New York,Buffalo,Farmer Pirates,https://www.farmerpirates.com/
New York,Centereach/Long Island,Grounds For A Peel,https://www.groundsforapeel.com/
New York,Hudson Valley,Community Compost Company,https://www.communitycompostco.com/
New York,Monroe County,Finger Lakes Compost,https://map.sustainablefingerlakes.org/map/listing/finger-lakes-compost
New York,New York City,Earth Matter,https://earthmatter.org/
New York,New York City,Grow NYC,https://www.grownyc.org/compost
New York,New York City,We Care Compost,http://www.wecarecompost.com/wecare-products/locations/metro-new-york-city/
New York,New York City,BK ROT,https://www.bkrot.org/
New York,New York City,Reclaimed Organics,https://www.reclaimedorganics.org/residents/
New York,New York City,EarthKind Compost,https://www.facebook.com/EKCompost/
New York,Rochester,Impact Earth Composting,https://www.impactearthroc.com/
New York,Utica,CNY Green Bucket Project,https://cnygreenbucketproject.com/home
New York,White Plains,Curbside Compost,https://www.curbcompost.org/
North Carolina,Asheville,CompostAVL,https://compostavl.com/
North Carolina,Charlotte,Crown Town Compost,https://www.crowntowncompost.com/
North Carolina,Raleigh,Municipal Curbside Collection,http://www.wakegov.com/recycling/recycle/Pages/curbside.aspx
North Carolina,Western NC/High Country,B.A.D. Composting,https://www.badcompost.com/
North Carolina,Wilmington,New Hanover County Environmental Management,https://recycling.nhcgov.com/327/Information
North Carolina,Wilmington,Wilmington Compost Company,https://www.wilmingtoncompostcompany.com/
North Dakota,Fargo,Residential Recycling,https://fargond.gov/solid-waste/residential-recycling/yard-waste
Ohio,Athens,Athens-Hocking Organics,http://www.athenshockingrecycle.org/organics.html
Ohio,Beavercreek,Oasis Aqua Farm,https://www.oasisaquafarm.com/
Ohio,Cincinnati,Better Bin Compost,https://www.betterbincompost.com/
Ohio,Cincinnati,Go Zero,https://gozero.org/
Ohio,Cincinnati,Queen City Commons,https://www.queencitycommons.com/
Ohio,Cleveland,Rust Belt Riders,https://www.rustbeltriders.com/
Ohio,Cleveland,New Terra Compost,https://www.newterracompost.com/
Ohio,Columbus/Dayton/Cincinnati,GoZERO,https://gozero.org/
Ohio,Columbus,The Compost Exchange,https://www.thecompostexchange.com/
Ohio,Dayton,Compost Dayton,https://www.compostdayton.com/
Ohio,Toledo,OH MI Compost,https://www.facebook.com/OHMIcompost/
Oklahoma,Oklahoma City,Fertile Ground,https://www.fertilegroundok.coop/
Oklahoma,Tulsa,Full Sun Composting,https://www.fullsuncomposting.com/
Oregon,Ashland,Rogue Produce,https://rogueproduce.com/community-compost/
Oregon,Ashland,Recology Ashland,https://www.recology.com/recology-ashland/
Oregon,Marion County,Curbside Collection,https://www.co.marion.or.us/PW/ES/disposal/programs/recycling/Pages/curb.aspx
Oregon,Portland,City Compost,https://www.portland.gov/bps/garbage-recycling/residential-compost-tips
Oregon,Portland,Recology Portland,https://www.recology.com/recology-portland/
Oregon,Portland,Heiberg,https://heiberggarbage.com/
Pennsylvania,Bucks County,Kona Compost Co.,https://www.konacompost.com/
Pennsylvania,Delaware County,WasteWell,https://mywastewell.com/
Pennsylvania,Easton,Easton Compost Program,https://eastonfarmersmarket.com/easton-compost-program/
Pennsylvania,Pittsburgh,Shadyside Worms,https://shadysideworms.com/compost-exchange/
Pennsylvania,Pittsburgh,Worm Return,https://www.wormreturn.com/
Pennsylvania,Philadelphia (Main Line),Mother Compost,https://mothercompost.com/
Pennsylvania,Philadelphia,Kitchen Harvest,https://www.mykitchenharvest.com/composting-services
Pennsylvania,Philadelphia,Bennett Compost,https://www.bennettcompost.com/
Pennsylvania,Philadelphia,Circle Compost,https://www.circlecompost.com/
Pennsylvania,Philadelphia,Back to Earth Compost Crew,https://backtoearthcompost.com/
Rhode Island,Statewide,Black Earth Compost,https://blackearthcompost.com/
Rhode Island,Statewide,Epic Renewal,https://epicrenewal.org/home/
Rhode Island,Providence,Remix Organics,https://remixorganics.com/
Rhode Island,Providence,Bootstrap Compost,https://bootstrapcompost.com/
Rhode Island,Providence,Earth Appliance Organics,https://earthapplianceorganics.com/
South Carolina,Charleston,CompostNow,https://compostnow.org/
South Carolina,Charleston,Charleston County Composting Program,https://www.charlestoncounty.org/departments/environmental-management/compost-program.php
South Carolina,Spartanburg,Atlas Organics,https://www.atlasorganics.net/
South Dakota,Mitchell,City of Mitchell,https://www.cityofmitchellsd.gov/FAQ.aspx?TID=28
Tennessee,Chattanooga,New Terra Compost,https://www.newterracompost.com/
Tennessee,Johnson City,Hoffman Composting,https://www.hoffmancomposting.com/
Tennessee,Knoxville,Green Heron Compost,https://greenheroncompost.org/
Tennessee,Memphis,The Compost Fairy,https://compostfairy.com/
Tennessee,Nashville,Compost Nashville,https://compostnashville.org/
Texas,Austin,Greenthumb Compost,https://www.greenthumbcompost.com/
Texas,Austin,Break It Down,https://breakitdowntexas.com/
Texas,Austin,Texas Disposal Systems,https://www.texasdisposal.com/processing/composting/
Texas,Austin,Joe's Organics,https://www.joesmicrogreens.com/commercial-composting
Texas,Dallas-Fort Worth,Turn Compost,https://www.turncompost.com/
Texas,Dallas-Fort Worth,Recycle Revolution,https://recyclerevolutiondallas.com/
Texas,Dallas-Fort Worth,Compost Carpool,https://compostcarpool.com/how-compost-carpool-works/
Texas,Dallas-Fort Worth,Cowboy Compost,https://cowboycompost.com/
Texas,Houston,Camp Logan Compost Logistics,https://camplogancompost.wixsite.com/home
Texas,Houston,Counter to Curb,https://www.countertocurb.com/
Texas,Houston,From Curb to Compost,https://curbtocompost.com/
Texas,San Antonio,Compost Queens,https://www.compostqueenstx.com/
Texas,San Antonio,San Antonio Organics Collection,https://www.sanantonio.gov/swmd/Organics
Texas,San Antonio,Break It Down,https://breakitdowntexas.com/
Texas,Waco,Mission Waco Urban Reap,https://missionwaco.org/urban-reap/
Texas,Waco,Break It Down,https://breakitdowntexas.com/
Utah,Logan,Compost Cache Valley,https://www.compostcachevalley.com/
Utah,Park City,Spoil to Soil,https://www.spoiltosoil.org/
Utah,Salt Lake City,City Compost Program,https://www.slc.gov/sustainability/waste-management/curbside/compost-can/
Vermont,Burlington,Earthgirl Composting,https://www.earthgirlcomposting.com/
Vermont,Burlington,No Waste Compost,https://www.nowastecompost.com/
Vermont,Burlington,802 Compost Services,https://www.802compost.com/
Vermont,Shelburne,No Waste Compost,https://www.nowastecompost.com/
Vermont,Shelburne,City Compost,https://www.citycompost.com/
Vermont,Southern VT,Second Chance Composting,https://secondchancecomposting.square.site/
Vermont,Waterbury,City Compost,https://www.citycompost.com/
Virginia,Charlottesville,Black Bear Composting,https://www.blackbearcomposting.com/
Virginia,Charlottesville,McIntire Recycling Center,https://www.rivanna.org/mcintire-recycling-center/
Virginia,Hampton Roads,Tidewater Compost,https://www.tidewatercompost.com/
Virginia,Harrisonburg,Climate Action Alliance of the Valley,https://climateactionallianceofthevalley.org/composting/
Virginia,Manassas,Freestate Farms,https://www.freestatefarmsva.com/composting
Virginia,Northern Virginia,Compost Crew,https://compostcrew.com/
Virginia,Northern Virginia,Key City Compost,https://keycompost.com/
Virginia,Richmond,Compost RVA,https://www.facebook.com/CompostRva/
Virginia,Richmond,Enrich Compost,https://enrichcompost.com/
Virginia,Richmond,Natural Organic Process Enterprises,https://www.nopeva.com/
Washington,Seattle,Cedar Grove,https://cedar-grove.com/
Washington,Seattle,Recology Seattle,https://www.recology.com/recology-cleanscapes/seattle/
Washington,King County,Recology Washington,https://www.recology.com/recology-cleanscapes/seattle/
Washington,King County,Curbside Food Scrap Collection,https://kingcounty.gov/depts/dnrp/solid-waste/garbage-recycling/compost-more/food-collection.aspx
West Virginia,Harpers Ferry,Key City Compost,https://keycompost.com/
West Virginia,Martinsburg,Berkeley County Council,http://www.berkeleycountyrecycling.org/food-waste-program.html
West Virginia,Martinsburg,Key City Compost,https://keycompost.com/
Wisconsin,Green Bay,Greener Bay Compost,https://www.gbcompost.com/
Wisconsin,Madison,Earth Stew Compost Services,https://www.earthstew.com/
Wisconsin,Madison,Curbside Composter,https://curbsidecomposter.com/
Wisconsin,Manitowoc County,Manitowoc County Recycling Center,https://manitowoccountywi.gov/departments/recycling-center/compost/
Wisconsin,Milwaukee,Compost Crusader,https://www.compostcrusader.com/
Wisconsin,Milwaukee,Kompost Kids,https://kompostkids.org/
Wyoming,Cheyenne,Cheyenne City Compost Facility,https://www.cheyennecity.org/Your-Government/Departments/Public-Works/Compost-Facility
Wyoming,Jackson Hole,WyoFarm Composting,https://wyocompost.com/
Wyoming,Laramie,ACRES Student Farm,https://www.facebook.com/ACRESstudentfarm
